{
    "$schema": "https://json-schema.org/draft/2020-12/schema",
    "$defs": {
        "character": {
            "type": "object",
            "properties": {
                "CharacterID": {
                    "type": "string",
                    "format": "uuid"
                },
                "CharacterInfo": {
                    "type": "array",
                    "items": {
                        "$ref": "#/$defs/characterInfo"
                    }
                }
            },
            "required": [
                "CharacterID",
                "CharacterInfo"
            ]
        },
        "characterInfo": {
            "type": "object",
            "properties": {
                "Name": {
                    "type": "string"
                },
                "Realm": {
                    "type": "string"
                },
                "Race": {
                    "type": "string"
                },
                "Class": {
                    "type": "string"
                },
                "Strength": {
                    "type": "number"
                },
                "Selfies": {
                    "type": "array",
                    "items": {
                        "$ref": "#/$defs/selfie"
                    }
                },
                "LatestNotification": {
                    "type": "array",
                    "items": {
                        "$ref": "#/$defs/notification"
                    }
                }
            },
            "required": [
                "Name",
                "Realm",
                "Race",
                "Class",
                "Strength",
                "Selfies",
                "LatestNotification"
            ]
        },
        "selfie": {
            "type": "object",
            "properties": {
                "SelfieID": {
                    "type": "integer"
                },
                "ImageURL": {
                    "type": "string",
                    "format": "uri"
                },
                "CaptureDate": {
                    "type": "string",
                    "pattern": "^\\d{4}-\\d{2}-\\d{2}T\\d{2}:\\d{2}:\\d{2}(\\.\\d+)?$"
                }
            },
            "required": [
                "SelfieID",
                "ImageURL",
                "CaptureDate"
            ]
        },
        "notification": {
            "type": "object",
            "properties": {
                "NotificationID": {
                    "type": "integer"
                },
                "Detail": {
                    "type": "string",
                    "contentMediaType": "text/xml"
                }
            },
            "required": [
                "NotificationID",
                "Detail"
            ]
        }
    },
    "type": "array",
    "items": {
        "type": "object",
        "properties": {
            "UserID": {
                "type": "string",
                "format": "uuid"
            },
            "Email": {
                "type": "string",
                "format": "email"
            },
            "Age": {
                "type": "integer"
            },
            "Height": {
                "type": "number"
            },
            "Weight": {
                "type": "number"
            },
            "Characters": {
                "type": "array",
                "items": {
                    "$ref": "#/$defs/character"
                }
            }
        },
        "required": [
            "UserID",
            "Email",
            "Characters"
        ],
        "oneOf": [
            {
                "properties": {
                    "Age": {
                        "type": "integer",
                        "minimum": 18
                    }
                }
            },
            {
                "properties": {
                    "Age": {
                        "type": "integer",
                        "maximum": 17
                    },
                    "Consent": {
                        "type": "boolean",
                        "const": true
                    }
                },
                "required": [
                    "Consent"
                ]
            }
        ]
    }
}