<?xml version="1.0"?>
<testset xmlns="http://cpee.org/ns/properties/2.0">
  <executionhandler>ruby</executionhandler>
  <dataelements/>
  <endpoints>
    <timeout>http://cpee.org/services/timeout.php</timeout>
    <subprocess>https-post://cpee.org/flow/start/url/</subprocess>
    <send>https-post://cpee.org/ing/correlators/message/send/</send>
    <receive>https-get://cpee.org/ing/correlators/message/receive/</receive>
    <user>https-post://cpee.org/services/timeout-user.php</user>
    <auto>https-post://cpee.org/services/timeout-auto.php</auto>
    <notification_uno>https://endor.wst.univie.ac.at/iop-ass07/pigeon-post/notification-uno</notification_uno>
    <notification_due>https://endor.wst.univie.ac.at/iop-ass07/pigeon-post/notification-due</notification_due>
    <correlator>https://wwwlab.cs.univie.ac.at/~alrubayem88/assignment7/correlator.php</correlator>
    <progress>https://wwwlab.cs.univie.ac.at/~alrubayem88/assignment7/manufacturer_service.php</progress>
    <component1>https://wwwlab.cs.univie.ac.at/~alrubayem88/assignment7/warehouse_service.php?action=get_quantity&amp;category=Electronics&amp;item=Laptop</component1>
    <component2>https://wwwlab.cs.univie.ac.at/~alrubayem88/assignment7/warehouse_service.php?action=get_quantity&amp;category=Furniture&amp;item=Table</component2>
    <component3>https://wwwlab.cs.univie.ac.at/~alrubayem88/assignment7/warehouse_service.php?action=get_quantity&amp;category=Outdoors&amp;item=Camping</component3>    
  </endpoints>
  <attributes>
    <info>a12142043</info>
    <modeltype>CPEE</modeltype>
    <theme>preset</theme>
  </attributes>
  <description>
    <description xmlns="http://cpee.org/ns/description/1.0">
      <manipulate id="a5" label="Process Customer Order">data.required_effort = 1+2+3+rand(4)
data.job_id = SecureRandom.uuid</manipulate>
      <parallel wait="-1" cancel="last">
        <parallel_branch>
          <call id="a9" endpoint="component1">
            <parameters>
              <label>Check Component One Quantity </label>
              <method>:get</method>
              <arguments/>
            </parameters>
            <code>
              <prepare/>
              <finalize output="result">data.component1 = result.to_i</finalize>
              <update output="result"/>
              <rescue output="result"/>
            </code>
            <annotations>
              <_timing>
                <_timing_weight/>
                <_timing_avg/>
                <explanations/>
              </_timing>
              <_shifting>
                <_shifting_type>Duration</_shifting_type>
              </_shifting>
              <_context_data_analysis>
                <probes/>
                <ips/>
              </_context_data_analysis>
              <report>
                <url/>
              </report>
              <_notes>
                <_notes_general/>
              </_notes>
            </annotations>
            <documentation>
              <input/>
              <output/>
              <implementation>
                <description/>
              </implementation>
              <code>
                <description/>
              </code>
            </documentation>
          </call>
          <call id="a4" endpoint="component1">
            <parameters>
              <label>Collect Component One</label>
              <method>:put</method>
              <arguments>
                <quantity>!data.component1</quantity>
              </arguments>
            </parameters>
            <code>
              <prepare>data.component1-=1</prepare>
              <finalize output="result"/>
              <update output="result"/>
              <rescue output="result"/>
            </code>
            <annotations>
              <_timing>
                <_timing_weight/>
                <_timing_avg/>
                <explanations/>
              </_timing>
              <_shifting>
                <_shifting_type>Duration</_shifting_type>
              </_shifting>
              <_context_data_analysis>
                <probes/>
                <ips/>
              </_context_data_analysis>
              <report>
                <url/>
              </report>
              <_notes>
                <_notes_general/>
              </_notes>
            </annotations>
            <documentation>
              <input/>
              <output/>
              <implementation>
                <description/>
              </implementation>
              <code>
                <description/>
              </code>
            </documentation>
          </call>
        </parallel_branch>
        <parallel_branch pass="" local="">
          <call id="a6" endpoint="component2">
            <parameters>
              <label>Check Component Two Quantity </label>
              <method>:get</method>
              <arguments/>
            </parameters>
            <code>
              <prepare/>
              <finalize output="result">data.component2 = result.to_i</finalize>
              <update output="result"/>
              <rescue output="result"/>
            </code>
            <annotations>
              <_timing>
                <_timing_weight/>
                <_timing_avg/>
                <explanations/>
              </_timing>
              <_shifting>
                <_shifting_type>Duration</_shifting_type>
              </_shifting>
              <_context_data_analysis>
                <probes/>
                <ips/>
              </_context_data_analysis>
              <report>
                <url/>
              </report>
              <_notes>
                <_notes_general/>
              </_notes>
            </annotations>
            <documentation>
              <input/>
              <output/>
              <implementation>
                <description/>
              </implementation>
              <code>
                <description/>
              </code>
            </documentation>
          </call>
          <call id="a12" endpoint="component2">
            <parameters>
              <label>Collect Component Two</label>
              <method>:put</method>
              <arguments>
                <quantity>!data.component2</quantity>
              </arguments>
            </parameters>
            <code>
              <prepare>data.component2-=1</prepare>
              <finalize output="result"/>
              <update output="result"/>
              <rescue output="result"/>
            </code>
            <annotations>
              <_timing>
                <_timing_weight/>
                <_timing_avg/>
                <explanations/>
              </_timing>
              <_shifting>
                <_shifting_type>Duration</_shifting_type>
              </_shifting>
              <_context_data_analysis>
                <probes/>
                <ips/>
              </_context_data_analysis>
              <report>
                <url/>
              </report>
              <_notes>
                <_notes_general/>
              </_notes>
            </annotations>
            <documentation>
              <input/>
              <output/>
              <implementation>
                <description/>
              </implementation>
              <code>
                <description/>
              </code>
            </documentation>
          </call>
        </parallel_branch>
        <parallel_branch pass="" local="">
          <call id="a10" endpoint="component3">
            <parameters>
              <label>Check Component Three Quantity</label>
              <method>:get</method>
              <arguments/>
            </parameters>
            <code>
              <prepare/>
              <finalize output="result">data.component3 = result.to_i</finalize>
              <update output="result"/>
              <rescue output="result"/>
            </code>
            <annotations>
              <_timing>
                <_timing_weight/>
                <_timing_avg/>
                <explanations/>
              </_timing>
              <_shifting>
                <_shifting_type>Duration</_shifting_type>
              </_shifting>
              <_context_data_analysis>
                <probes/>
                <ips/>
              </_context_data_analysis>
              <report>
                <url/>
              </report>
              <_notes>
                <_notes_general/>
              </_notes>
            </annotations>
            <documentation>
              <input/>
              <output/>
              <implementation>
                <description/>
              </implementation>
              <code>
                <description/>
              </code>
            </documentation>
          </call>
          <call id="a13" endpoint="component3">
            <parameters>
              <label>Collect Component Three</label>
              <method>:put</method>
              <arguments>
                <quantity>!data.component3</quantity>
              </arguments>
            </parameters>
            <code>
              <prepare>data.component3-=1</prepare>
              <finalize output="result"/>
              <update output="result"/>
              <rescue output="result"/>
            </code>
            <annotations>
              <_timing>
                <_timing_weight/>
                <_timing_avg/>
                <explanations/>
              </_timing>
              <_shifting>
                <_shifting_type>Duration</_shifting_type>
              </_shifting>
              <_context_data_analysis>
                <probes/>
                <ips/>
              </_context_data_analysis>
              <report>
                <url/>
              </report>
              <_notes>
                <_notes_general/>
              </_notes>
            </annotations>
            <documentation>
              <input/>
              <output/>
              <implementation>
                <description/>
              </implementation>
              <code>
                <description/>
              </code>
            </documentation>
          </call>
        </parallel_branch>
      </parallel>
      <parallel wait="-1" cancel="last">
        <parallel_branch pass="" local="">
          <loop mode="post_test" condition="!data.release_approved">
            <_probability>
              <_probability_min/>
              <_probability_max/>
              <_probability_avg/>
            </_probability>
            <call id="a18" endpoint="correlator">
              <parameters>
                <label>Request Tag for Final Output</label>
                <method>:get</method>
                <arguments>
                  <__H_ACCEPT>text/plain</__H_ACCEPT>
                  <job_id>!data.job_id</job_id>
                </arguments>
              </parameters>
              <code>
                <prepare/>
                <finalize output="result">data.product_tag = result
data.release_approved = data.product_tag == data.progress_tag</finalize>
                <update output="result"/>
                <rescue output="result"/>
              </code>
              <annotations>
                <_generic/>
                <_timing>
                  <_timing_weight/>
                  <_timing_avg/>
                  <explanations/>
                </_timing>
                <_shifting>
                  <_shifting_type>Duration</_shifting_type>
                </_shifting>
                <_context_data_analysis>
                  <probes/>
                  <ips/>
                </_context_data_analysis>
                <report>
                  <url/>
                </report>
                <_notes>
                  <_notes_general/>
                </_notes>
              </annotations>
              <documentation>
                <input/>
                <output/>
                <implementation>
                  <description/>
                </implementation>
                <code>
                  <description/>
                </code>
              </documentation>
            </call>
            <choose mode="exclusive">
              <alternative condition="!data.release_approved">
                <_probability>
                  <_probability_min/>
                  <_probability_max/>
                  <_probability_avg/>
                </_probability>
                <stop id="a1"/>
              </alternative>
              <otherwise/>
            </choose>
          </loop>
        </parallel_branch>
        <parallel_branch pass="" local="">
          <manipulate id="a8" label="Process Order Instructions">data.progress = 1</manipulate>
          <loop mode="post_test" condition="data.producing">
            <_probability>
              <_probability_min/>
              <_probability_max/>
              <_probability_avg/>
            </_probability>
            <call id="a16" endpoint="timeout">
              <parameters>
                <label>Prepare Production Step</label>
                <method>:get</method>
                <arguments>
                  <timeout>!3+rand(4)</timeout>
                </arguments>
              </parameters>
              <code>
                <prepare/>
                <finalize output="result">data.progress_tag = SecureRandom.hex(10)
data.inspection_id = SecureRandom.hex(16)</finalize>
                <update output="result"/>
                <rescue output="result"/>
              </code>
              <annotations>
                <_generic/>
                <_timing>
                  <_timing_weight/>
                  <_timing_avg/>
                  <explanations/>
                </_timing>
                <_shifting>
                  <_shifting_type>Duration</_shifting_type>
                </_shifting>
                <_context_data_analysis>
                  <probes/>
                  <ips/>
                </_context_data_analysis>
                <report>
                  <url/>
                </report>
                <_notes>
                  <_notes_general/>
                </_notes>
              </annotations>
              <documentation>
                <input/>
                <output/>
                <implementation>
                  <description/>
                </implementation>
                <code>
                  <description/>
                </code>
              </documentation>
            </call>
            <call id="a17" endpoint="notification_due">
              <parameters>
                <label>Inspect Progress</label>
                <method>:post</method>
                <arguments>
                  <progress_tag>!data.progress_tag</progress_tag>
                  <progress_step>!data.progress</progress_step>
                  <correlator_url>!endpoints.correlator</correlator_url>
                  <progress_url>!endpoints.progress</progress_url>
                  <inspection_id>!data.inspection_id</inspection_id>
                </arguments>
              </parameters>
              <code>
                <prepare/>
                <finalize output="result"/>
                <update output="result"/>
                <rescue output="result"/>
              </code>
              <annotations>
                <_generic/>
                <_timing>
                  <_timing_weight/>
                  <_timing_avg/>
                  <explanations/>
                </_timing>
                <_shifting>
                  <_shifting_type>Duration</_shifting_type>
                </_shifting>
                <_context_data_analysis>
                  <probes/>
                  <ips/>
                </_context_data_analysis>
                <report>
                  <url/>
                </report>
                <_notes>
                  <_notes_general/>
                </_notes>
              </annotations>
              <documentation>
                <input/>
                <output/>
                <implementation>
                  <description/>
                </implementation>
                <code>
                  <description/>
                </code>
              </documentation>
            </call>
            <call id="a7" endpoint="correlator">
              <parameters>
                <label>Aquire Progress Update</label>
                <method>:get</method>
                <arguments>
                  <__H_ACCEPT>application/json</__H_ACCEPT>
                  <inspection_id>!data.inspection_id</inspection_id>
                </arguments>
              </parameters>
              <code>
                <prepare/>
                <finalize output="result">payload_in_pristine_condition = result.all?{|k,v| ["progress_tag","description","progress"].include?(k) &amp;&amp; !v.nil? &amp;&amp; v.is_a?(String) &amp;&amp; v.size &gt; 0};
tag_matches = result['progress_tag'] == data.progress_tag;
data.progress+=1 if payload_in_pristine_condition &amp;&amp; tag_matches
data.progress_is_inconclusive = !(payload_in_pristine_condition &amp;&amp; tag_matches)
data.producing = data.progress &lt;= data.required_effort</finalize>
                <update output="result"/>
                <rescue output="result"/>
              </code>
              <annotations>
                <_generic/>
                <_timing>
                  <_timing_weight/>
                  <_timing_avg/>
                  <explanations/>
                </_timing>
                <_shifting>
                  <_shifting_type>Duration</_shifting_type>
                </_shifting>
                <_context_data_analysis>
                  <probes/>
                  <ips/>
                </_context_data_analysis>
                <report>
                  <url/>
                </report>
                <_notes>
                  <_notes_general/>
                </_notes>
              </annotations>
              <documentation>
                <input/>
                <output/>
                <implementation>
                  <description/>
                </implementation>
                <code>
                  <description/>
                </code>
              </documentation>
            </call>
            <choose mode="exclusive">
              <alternative condition="data.progress_is_inconclusive ">
                <_probability>
                  <_probability_min/>
                  <_probability_max/>
                  <_probability_avg/>
                </_probability>
                <stop id="a2"/>
              </alternative>
              <otherwise/>
            </choose>
          </loop>
          <manipulate id="a3" label="Pack Product">data.progress_tag = SecureRandom.hex(10)</manipulate>
          <call id="a15" endpoint="notification_uno">
            <parameters>
              <label>Enter Package into System</label>
              <method>:post</method>
              <arguments>
                <job_id>!data.job_id</job_id>
                <correlator_url>!endpoints.correlator</correlator_url>
                <progress_tag>!data.progress_tag</progress_tag>
                <final_progress>!data.final_progress</final_progress>
              </arguments>
            </parameters>
            <code>
              <prepare/>
              <finalize output="result"/>
              <update output="result"/>
              <rescue output="result"/>
            </code>
            <annotations>
              <_generic/>
              <_timing>
                <_timing_weight/>
                <_timing_avg/>
                <explanations/>
              </_timing>
              <_shifting>
                <_shifting_type>Duration</_shifting_type>
              </_shifting>
              <_context_data_analysis>
                <probes/>
                <ips/>
              </_context_data_analysis>
              <report>
                <url/>
              </report>
              <_notes>
                <_notes_general/>
              </_notes>
            </annotations>
            <documentation>
              <input/>
              <output/>
              <implementation>
                <description/>
              </implementation>
              <code>
                <description/>
              </code>
            </documentation>
          </call>
        </parallel_branch>
      </parallel>
    </description>
  </description>
  <transformation>
    <description type="copy"/>
    <dataelements type="none"/>
    <endpoints type="none"/>
  </transformation>
</testset>
