{
  "$schema": "https://json-schema.org/draft/2020-12/schema",
  "$defs": {
      "user": {
        "type": "object",
        "properties": {
          "UserID": {"type": "string", "format": "uuid"},
          "Email": {"type": "string", "format": "email"},
          "Subscriptions": {"type": "array", "items": {"$ref": "#/$defs/subscription"}},
          "PaymentMethods": {"type": "array", "items": {"$ref": "#/$defs/paymentMethod"}},
          "Characters": {"type": "array", "items": {"$ref": "#/$defs/character"}}
        },
        "required": ["UserID", "Email", "Subscriptions", "PaymentMethods", "Characters"]
      },
      "subscription": {
        "type": "object",
        "properties": {
          "SubscriptionID": {"type": "integer"},
          "StartDate": {
            "type": "string",
            "pattern": "^\\d{4}-\\d{2}-\\d{2}T\\d{2}:\\d{2}:\\d{2}(\\.\\d+)?$"
          },
          "EndDate": {
            "type": "string",
            "pattern": "^\\d{4}-\\d{2}-\\d{2}T\\d{2}:\\d{2}:\\d{2}(\\.\\d+)?$"
          },
          "Amount": {"type": "number"}
        },
        "required": ["SubscriptionID", "StartDate", "EndDate", "Amount"]
      },
      "paymentMethod": {
        "type": "object",
        "properties": {
          "PaymentMethodID": {"type": "integer"},
          "Type": {"type": "string"},
          "Details": {
            "type": "object",
            "properties": {
              "card_info": {"$ref": "#/$defs/cardInfo"},
              "transactions": {"type": "array", "items": {"type": "integer"}}
            },
            "required": ["card_info", "transactions"]
          }
        },
        "required": ["PaymentMethodID", "Type", "Details"]
      },
      "cardInfo": {
        "type": "object",
        "properties": {
          "card_number": {"type": "string"},
          "expiry_date": {"type": "string", "pattern": "\\d{2}/\\d{2}"},
          "holder_name": {"type": "string"}
        },
        "required": ["card_number", "expiry_date", "holder_name"]
      },
      "character": {
        "type": "object",
        "properties": {
          "CharacterID": {"type": "string", "format": "uuid"},
          "Name": {"type": "string"},
          "Realm": {"type": "string"},
          "Race": {"type": "string"},
          "Class": {"type": "string"},
          "Strength": {"type": "number"},
          "LatestNotification": {
            "type": "object",
            "oneOf": [
              {
                "properties": {
                  "NotificationID": {"type": "integer"},
                  "ExpansionName": {"type": ["string", "null"]},
                  "Detail": {"type": ["string", "null"]}
                },
                "required": ["NotificationID"]
              }
            ]
          }
        },
        "required": ["CharacterID", "Name", "Realm", "Race", "Class", "Strength", "LatestNotification"]
      }
    },
    "type": "array",
    "items": {"$ref": "#/$defs/user"}
  }  