{
    "Electronics": [
        {
            "name": "Camera",
            "quantity": 10
        },
        {
            "name": "Laptop",
            "quantity": 510
        },
        {
            "name": "Smartphone",
            "quantity": 525
        }
    ],
    "Clothing": [
        {
            "name": "T-Shirt",
            "quantity": 550
        },
        {
            "name": "Jeans",
            "quantity": 538
        },
        {
            "name": "Jacket",
            "quantity": 530
        }
    ],
    "Furniture": [
        {
            "name": "Chair",
            "quantity": 530
        },
        {
            "name": "Table",
            "quantity": 520
        },
        {
            "name": "Sofa",
            "quantity": 515
        }
    ],
    "Tools": [
        {
            "name": "Hammer",
            "quantity": 545
        },
        {
            "name": "Screwdriver",
            "quantity": 550
        },
        {
            "name": "Drill",
            "quantity": 520
        }
    ],
    "Books": [
        {
            "name": "Novel",
            "quantity": 560
        },
        {
            "name": "Science",
            "quantity": 530
        },
        {
            "name": "Art",
            "quantity": 540
        }
    ],
    "Outdoors": [
        {
            "name": "Tent",
            "quantity": 510
        },
        {
            "name": "Backpack",
            "quantity": 520
        },
        {
            "name": "Camping",
            "quantity": 525
        }
    ]
}