[
    {
        "id": "65534",
        "url": "https:\/\/cpee.org\/flow\/engine\/65534"
    },
    {
        "id": "65535",
        "url": "https:\/\/cpee.org\/flow\/engine\/65535"
    },
    {
        "id": "65538",
        "url": "https:\/\/cpee.org\/flow\/engine\/65538"
    },
    {
        "id": "65553",
        "url": "https:\/\/cpee.org\/flow\/engine\/65553"
    },
    {
        "id": "65554",
        "url": "https:\/\/cpee.org\/flow\/engine\/65554"
    },
    {
        "id": "65555",
        "url": "https:\/\/cpee.org\/flow\/engine\/65555"
    },
    {
        "id": "65556",
        "url": "https:\/\/cpee.org\/flow\/engine\/65556"
    },
    {
        "id": "65557",
        "url": "https:\/\/cpee.org\/flow\/engine\/65557"
    },
    {
        "id": "65558",
        "url": "https:\/\/cpee.org\/flow\/engine\/65558"
    },
    {
        "id": "65559",
        "url": "https:\/\/cpee.org\/flow\/engine\/65559"
    },
    {
        "id": "65568",
        "url": "https:\/\/cpee.org\/flow\/engine\/65568"
    },
    {
        "id": "65569",
        "url": "https:\/\/cpee.org\/flow\/engine\/65569"
    },
    {
        "id": "65571",
        "url": "https:\/\/cpee.org\/flow\/engine\/65571"
    },
    {
        "id": "65573",
        "url": "https:\/\/cpee.org\/flow\/engine\/65573"
    },
    {
        "id": "65576",
        "url": "https:\/\/cpee.org\/flow\/engine\/65576"
    },
    {
        "id": "65580",
        "url": "https:\/\/cpee.org\/flow\/engine\/65580"
    },
    {
        "id": "65585",
        "url": "https:\/\/cpee.org\/flow\/engine\/65585"
    },
    {
        "id": "65587",
        "url": "https:\/\/cpee.org\/flow\/engine\/65587"
    },
    {
        "id": "65590",
        "url": "https:\/\/cpee.org\/flow\/engine\/65590"
    },
    {
        "id": "65593",
        "url": "https:\/\/cpee.org\/flow\/engine\/65593"
    },
    {
        "id": "65604",
        "url": "https:\/\/cpee.org\/flow\/engine\/65604"
    },
    {
        "id": "65608",
        "url": "https:\/\/cpee.org\/flow\/engine\/65608"
    },
    {
        "id": "65610",
        "url": "https:\/\/cpee.org\/flow\/engine\/65610"
    },
    {
        "id": "65611",
        "url": "https:\/\/cpee.org\/flow\/engine\/65611"
    },
    {
        "id": "65613",
        "url": "https:\/\/cpee.org\/flow\/engine\/65613"
    },
    {
        "id": "65616",
        "url": "https:\/\/cpee.org\/flow\/engine\/65616"
    },
    {
        "id": "65619",
        "url": "https:\/\/cpee.org\/flow\/engine\/65619"
    },
    {
        "id": "65622",
        "url": "https:\/\/cpee.org\/flow\/engine\/65622"
    },
    {
        "id": "65624",
        "url": "https:\/\/cpee.org\/flow\/engine\/65624"
    },
    {
        "id": "65625",
        "url": "https:\/\/cpee.org\/flow\/engine\/65625"
    },
    {
        "id": "65628",
        "url": "https:\/\/cpee.org\/flow\/engine\/65628"
    },
    {
        "id": "65629",
        "url": "https:\/\/cpee.org\/flow\/engine\/65629"
    },
    {
        "id": "65630",
        "url": "https:\/\/cpee.org\/flow\/engine\/65630"
    },
    {
        "id": "65631",
        "url": "https:\/\/cpee.org\/flow\/engine\/65631"
    },
    {
        "id": "65632",
        "url": "https:\/\/cpee.org\/flow\/engine\/65632"
    }
]